<?xml version="1.0" encoding="UTF-8" standalone="yes" ?>
<!-- $Change: 61157 $ (must be within the first 200 characters of the file) -->
<Fonts> 
	<FontMemResource name="Gui/Default/Fonts/hyborian3.ttf"/>
	<FontMemResource name="Gui/Default/Fonts/hyborian.ttf"/>
	<FontMemResource name="Gui/Customized/Fonts/GG-Text-Regular.ttf"/>
	<FontMemResource name="Gui/Customized/Fonts/GG-Text-Medium.ttf"/>
	<FontMemResource name="Gui/Customized/Fonts/GG-Regular.otf"/>
	<FontMemResource name="Gui/Customized/Fonts/GG-Bold.ttf"/>
	<FontMemResource name="Gui/Customized/Fonts/GG-Comic-Black.ttf"/>
	<FontMemResource name="Gui/Customized/Fonts/GG-Medium.otf"/>

	<Font name="NORMAL" face="GG Text Medium" size="13" antialias="Full"/>
	<Font name="NORMAL_ITALIC" face="GG Regular" size="13" antialias="Full"/>
	<Font name="NORMAL_BOLD" face="GG Bold" size="13" antialias="Full"/>
	<Font name="SMALL" face="GG Bold" size="15" antialias="Full"/>
	<Font name="LARGE" face="GG Text Regular" size="15" antialias="Full"/>
	<Font name="LARGE_BOLD" face="GG Bold" size="15" antialias="Full"/>
	<Font name="HUGE" face="GG Text Regular" size="17" antialias="Full"/>
	<Font name="CHAT" size="1"/>

	<Font name="HYBORIANSMALL" face="hyborian2" size="14" antialias="Full"/>
	<Font name="HYBORIANLARGE" face="hyborian2" size="18" antialias="Full"/>

	<Font name="LARGE_SC" face="GG Text Regular" size="15" antialias="Full"/>

	<Font name="3D_TEXT" face="GG Medium" size="32" antialias="Full"/>
	<Font name="3D_TEXT_BOLD" size="1"/>
	<Font name="3D_TEXT_SMALL" face="GG Regular" size="27" antialias="Full"/>
	<Font name="3D_TEXT_ARIAL" size="1"/>
	<Font name="3D_TEXT_HYB" size="1"/>

	<Font name="SCALED" face="GG Text Regular" size="Scaled(21)" antialias="Full"/>

	<Font name="MEDIUM_BOLD" face="GG Bold" size="14" antialias="Full"/>
	<Font name="SC_BOLD" face="GG Comic Black" size="14" antialias="Full"/>
	<Font name="SC_LARGE_BOLD" face="GG Comic Black" size="16" antialias="Full"/>
</Fonts>